addr,offset,data1,data2,info
0x180c2000,0x0,0x0,0x291,prev_size: 0x0 size: 0x290
0x180c2010,0x10,0x7000000000000,0x70000, 
0x180c2020,0x20,0x0,0x0, 
0x180c2030,0x30,0x0,0x0, 
0x180c2040,0x40,0x0,0x0, 
0x180c2050,0x50,0x0,0x0, 
0x180c2060,0x60,0x0,0x0, 
0x180c2070,0x70,0x0,0x0, 
0x180c2080,0x80,0x0,0x0, 
0x180c2090,0x90,0x0,0x0, 
0x180c20a0,0xa0,0x0,0x1893e310, 
0x180c20b0,0xb0,0x0,0x1893e2a0, 
0x180c20c0,0xc0,0x0,0x0, 
0x180c20d0,0xd0,0x0,0x0, 
0x180c20e0,0xe0,0x0,0x0, 
0x180c20f0,0xf0,0x0,0x0, 
0x180c2100,0x100,0x0,0x0, 
0x180c2110,0x110,0x0,0x0, 
0x180c2120,0x120,0x0,0x0, 
0x180c2130,0x130,0x0,0x0, 
0x180c2140,0x140,0x0,0x0, 
0x180c2150,0x150,0x0,0x0, 
0x180c2160,0x160,0x0,0x0, 
0x180c2170,0x170,0x0,0x0, 
0x180c2180,0x180,0x0,0x0, 
0x180c2190,0x190,0x0,0x0, 
0x180c21a0,0x1a0,0x0,0x0, 
0x180c21b0,0x1b0,0x0,0x0, 
0x180c21c0,0x1c0,0x0,0x0, 
0x180c21d0,0x1d0,0x0,0x0, 
0x180c21e0,0x1e0,0x0,0x0, 
0x180c21f0,0x1f0,0x0,0x0, 
0x180c2200,0x200,0x0,0x0, 
0x180c2210,0x210,0x0,0x0, 
0x180c2220,0x220,0x0,0x0, 
0x180c2230,0x230,0x0,0x0, 
0x180c2240,0x240,0x0,0x0, 
0x180c2250,0x250,0x0,0x0, 
0x180c2260,0x260,0x0,0x0, 
0x180c2270,0x270,0x0,0x0, 
0x180c2280,0x280,0x0,0x0, 
0x180c2290,0x290,0x0,0x71,prev_size: 0x0 size: 0x70
0x180c22a0,0x2a0,0x1893e360,0x1893e010,fb: 0x1893e360 bk: 0x1893e010
0x180c22b0,0x2b0,0x0,0x0, 
0x180c22c0,0x2c0,0x363534333231,0x0, 
0x180c22d0,0x2d0,0x0,0x0, 
0x180c22e0,0x2e0,0x1893e310,0x7265766520797274, 
0x180c22f0,0x2f0,0x676e69687479,0x0, 
0x180c2300,0x300,0x0,0x51,prev_size: 0x0 size: 0x50
0x180c2310,0x310,0x1893e3d0,0x1893e010,fb: 0x1893e3d0 bk: 0x1893e010
0x180c2320,0x320,0x626f62206d,0x0, 
0x180c2330,0x330,0x0,0x0, 
0x180c2340,0x340,0x0,0x0, 
0x180c2350,0x350,0x0,0x71,prev_size: 0x0 size: 0x70
0x180c2360,0x360,0x1893e420,0x1893e010,fb: 0x1893e420 bk: 0x1893e010
0x180c2370,0x370,0x0,0x0, 
0x180c2380,0x380,0x313233343536,0x0, 
0x180c2390,0x390,0x0,0x0, 
0x180c23a0,0x3a0,0x1893e3d0,0x65726f6d20746165, 
0x180c23b0,0x3b0,0x6261746567657620,0x73656c, 
0x180c23c0,0x3c0,0x0,0x51,prev_size: 0x0 size: 0x50
0x180c23d0,0x3d0,0x1893e490,0x1893e010,fb: 0x1893e490 bk: 0x1893e010
0x180c23e0,0x3e0,0x6563696c61206d,0x0, 
0x180c23f0,0x3f0,0x0,0x0, 
0x180c2400,0x400,0x0,0x0, 
0x180c2410,0x410,0x0,0x71,prev_size: 0x0 size: 0x70
0x180c2420,0x420,0x1893e4e0,0x1893e010,fb: 0x1893e4e0 bk: 0x1893e010
0x180c2430,0x430,0x0,0x0, 
0x180c2440,0x440,0x313233636261,0x0, 
0x180c2450,0x450,0x0,0x0, 
0x180c2460,0x460,0x1893e490,0x3e2f6b6e616c623c, 
0x180c2470,0x470,0x0,0x0, 
0x180c2480,0x480,0x0,0x51,prev_size: 0x0 size: 0x50
0x180c2490,0x490,0x1893e550,0x1893e010,fb: 0x1893e550 bk: 0x1893e010
0x180c24a0,0x4a0,0x0,0x0, 
0x180c24b0,0x4b0,0x0,0x0, 
0x180c24c0,0x4c0,0x0,0x0, 
0x180c24d0,0x4d0,0x0,0x71,prev_size: 0x0 size: 0x70
0x180c24e0,0x4e0,0x1893e5a0,0x1893e010,fb: 0x1893e5a0 bk: 0x1893e010
0x180c24f0,0x4f0,0x0,0x0, 
0x180c2500,0x500,0x6472307773733470,0x0, 
0x180c2510,0x510,0x0,0x0, 
0x180c2520,0x520,0x1893e550,0x2e2e2e, 
0x180c2530,0x530,0x0,0x0, 
0x180c2540,0x540,0x0,0x51,prev_size: 0x0 size: 0x50
0x180c2550,0x550,0x1893e610,0x1893e010,fb: 0x1893e610 bk: 0x1893e010
0x180c2560,0x560,0x0,0x0, 
0x180c2570,0x570,0x0,0x0, 
0x180c2580,0x580,0x0,0x0, 
0x180c2590,0x590,0x0,0x71,prev_size: 0x0 size: 0x70
0x180c25a0,0x5a0,0x1893e660,0x1893e010,fb: 0x1893e660 bk: 0x1893e010
0x180c25b0,0x5b0,0x0,0x0, 
0x180c25c0,0x5c0,0x626262616161,0x0, 
0x180c25d0,0x5d0,0x0,0x0, 
0x180c25e0,0x5e0,0x1893e610,0x3e7472656c613c, 
0x180c25f0,0x5f0,0x0,0x0, 
0x180c2600,0x600,0x0,0x51,prev_size: 0x0 size: 0x50
0x180c2610,0x610,0x1893e6d0,0x1893e010,fb: 0x1893e6d0 bk: 0x1893e010
0x180c2620,0x620,0x6e61687420726574,0x796c677520, 
0x180c2630,0x630,0x0,0x0, 
0x180c2640,0x640,0x0,0x0, 
0x180c2650,0x650,0x0,0x71,prev_size: 0x0 size: 0x70
0x180c2660,0x660,0x1893e720,0x1893e010,fb: 0x1893e720 bk: 0x1893e010
0x180c2670,0x670,0x0,0x0, 
0x180c2680,0x680,0x3131626e6b72616d,0x0, 
0x180c2690,0x690,0x0,0x0, 
0x180c26a0,0x6a0,0x1893e6d0,0x756f206863746177, 
0x180c26b0,0x6b0,0x74,0x0, 
0x180c26c0,0x6c0,0x0,0x51,prev_size: 0x0 size: 0x50
0x180c26d0,0x6d0,0x1893e790,0x1893e010,fb: 0x1893e790 bk: 0x1893e010
0x180c26e0,0x6e0,0x206e616874207265,0x746963696c706d69, 
0x180c26f0,0x6f0,0x0,0x0, 
0x180c2700,0x700,0x0,0x0, 
0x180c2710,0x710,0x0,0x71,prev_size: 0x0 size: 0x70
0x180c2720,0x720,0x0,0x1893e010,fb: 0x0 bk: 0x1893e010
0x180c2730,0x730,0x0,0x0, 
0x180c2740,0x740,0x3432353035396d,0x0, 
0x180c2750,0x750,0x0,0x0, 
0x180c2760,0x760,0x1893e790,0x5f5f5f5f5f5f5f5f, 
0x180c2770,0x770,0x0,0x0, 
0x180c2780,0x780,0x0,0x51,prev_size: 0x0 size: 0x50
0x180c2790,0x790,0x0,0x1893e010,fb: 0x0 bk: 0x1893e010
0x180c27a0,0x7a0,0x636e69762021746e,0x746e65, 
0x180c27b0,0x7b0,0x0,0x0, 
0x180c27c0,0x7c0,0x0,0x0, 
0x180c27d0,0x7d0,0x0,0x71,prev_size: 0x0 size: 0x70
0x180c27e0,0x7e0,0x0,0x0,fb: 0x0 bk: 0x0
0x180c27f0,0x7f0,0x0,0x0, 
0x180c2800,0x800,0x323132336c6c6977,0x33, 
0x180c2810,0x810,0x0,0x0, 
0x180c2820,0x820,0x1893e850,0x656e6966206d2769, 
0x180c2830,0x830,0x0,0x0, 
0x180c2840,0x840,0x0,0x51,prev_size: 0x0 size: 0x50
0x180c2850,0x850,0x0,0x6f39326276393262,fb: 0x0 bk: 0x6f39326276393262
0x180c2860,0x860,0x743932636b355759,0x3d3d515a, 
0x180c2870,0x870,0x0,0x0, 
0x180c2880,0x880,0x0,0x0, 
0x180c2890,0x890,0x0,0x71,prev_size: 0x0 size: 0x70
0x180c28a0,0x8a0,0x1893e7d0,0x0,fb: 0x1893e7d0 bk: 0x0
0x180c28b0,0x8b0,0x0,0x0, 
0x180c28c0,0x8c0,0x3938376a6a6a,0x0, 
0x180c28d0,0x8d0,0x0,0x0, 
0x180c28e0,0x8e0,0x1893e910,0x656d206863616554, 
0x180c28f0,0x8f0,0x72204920646e6120,0x2e7265626d656d65, 
0x180c2900,0x900,0x0,0x51,prev_size: 0x0 size: 0x50
0x180c2910,0x910,0x1893e840,0x0,fb: 0x1893e840 bk: 0x0
0x180c2920,0x920,0x0,0x0, 
0x180c2930,0x930,0x0,0x0, 
0x180c2940,0x940,0x0,0x0, 
0x180c2950,0x950,0x0,0x71,prev_size: 0x0 size: 0x70
0x180c2960,0x960,0x7972726548,0x0,fb: 0x7972726548 bk: 0x0
0x180c2970,0x970,0x0,0x0, 
0x180c2980,0x980,0x31323343424168,0x0, 
0x180c2990,0x990,0x0,0x0, 
0x180c29a0,0x9a0,0x1893e9d0,0x726f772d64726168, 
0x180c29b0,0x9b0,0x21676e696b,0x0, 
0x180c29c0,0x9c0,0x0,0x51,prev_size: 0x0 size: 0x50
0x180c29d0,0x9d0,0x6f72746e69206f6e,0x6c6c6120746120,fb: 0x6f72746e69206f6e bk: 0x6c6c6120746120
0x180c29e0,0x9e0,0x0,0x0, 
0x180c29f0,0x9f0,0x0,0x0, 
0x180c2a00,0xa00,0x0,0x0, 
0x180c2a10,0xa10,0x0,0x71,prev_size: 0x0 size: 0x70
0x180c2a20,0xa20,0x79726147,0x0,fb: 0x79726147 bk: 0x0
0x180c2a30,0xa30,0x0,0x0, 
0x180c2a40,0xa40,0x3432303270776767,0x0, 
0x180c2a50,0xa50,0x0,0x0, 
0x180c2a60,0xa60,0x1893ea90,0x20726576656e2049, 
0x180c2a70,0xa70,0x636162206b6c6177,0x2e73647261776b, 
0x180c2a80,0xa80,0x0,0x51,prev_size: 0x0 size: 0x50
0x180c2a90,0xa90,0x7473656220656874,0x6e69207972616720,fb: 0x7473656220656874 bk: 0x6e69207972616720
0x180c2aa0,0xaa0,0x726f772065687420,0x646c, 
0x180c2ab0,0xab0,0x0,0x0, 
0x180c2ac0,0xac0,0x0,0x0, 
0x180c2ad0,0xad0,0x0,0x20531,prev_size: 0x0 size: 0x20530
0x180c2ae0,0xae0,0x0,0x0,fb: 0x0 bk: 0x0
0x180c2af0,0xaf0,0x0,0x0, 
0x180c2b00,0xb00,0x0,0x0, 
0x180c2b10,0xb10,0x0,0x0, 
0x180c2b20,0xb20,0x0,0x0, 
0x180c2b30,0xb30,0x0,0x0, 
0x180c2b40,0xb40,0x0,0x0, 
0x180c2b50,0xb50,0x0,0x0, 
0x180c2b60,0xb60,0x0,0x0, 
0x180c2b70,0xb70,0x0,0x0, 
0x180c2b80,0xb80,0x0,0x0, 
0x180c2b90,0xb90,0x0,0x0, 
0x180c2ba0,0xba0,0x0,0x0, 
0x180c2bb0,0xbb0,0x0,0x0, 
0x180c2bc0,0xbc0,0x0,0x0, 
0x180c2bd0,0xbd0,0x0,0x0, 
0x180c2be0,0xbe0,0x0,0x0, 
0x180c2bf0,0xbf0,0x0,0x0, 
0x180c2c00,0xc00,0x0,0x0, 
0x180c2c10,0xc10,0x0,0x0, 
0x180c2c20,0xc20,0x0,0x0, 
0x180c2c30,0xc30,0x0,0x0, 
0x180c2c40,0xc40,0x0,0x0, 
0x180c2c50,0xc50,0x0,0x0, 
0x180c2c60,0xc60,0x0,0x0, 
0x180c2c70,0xc70,0x0,0x0, 
0x180c2c80,0xc80,0x0,0x0, 
0x180c2c90,0xc90,0x0,0x0, 
0x180c2ca0,0xca0,0x0,0x0, 
0x180c2cb0,0xcb0,0x0,0x0, 
0x180c2cc0,0xcc0,0x0,0x0, 
0x180c2cd0,0xcd0,0x0,0x0, 
0x180c2ce0,0xce0,0x0,0x0, 
0x180c2cf0,0xcf0,0x0,0x0, 
0x180c2d00,0xd00,0x0,0x0, 
0x180c2d10,0xd10,0x0,0x0, 
0x180c2d20,0xd20,0x0,0x0, 
0x180c2d30,0xd30,0x0,0x0, 
0x180c2d40,0xd40,0x0,0x0, 
0x180c2d50,0xd50,0x0,0x0, 
0x180c2d60,0xd60,0x0,0x0, 
0x180c2d70,0xd70,0x0,0x0, 
0x180c2d80,0xd80,0x0,0x0, 
0x180c2d90,0xd90,0x0,0x0, 
0x180c2da0,0xda0,0x0,0x0, 
0x180c2db0,0xdb0,0x0,0x0, 
0x180c2dc0,0xdc0,0x0,0x0, 
0x180c2dd0,0xdd0,0x0,0x0, 
0x180c2de0,0xde0,0x0,0x0, 
0x180c2df0,0xdf0,0x0,0x0, 
0x180c2e00,0xe00,0x0,0x0, 
0x180c2e10,0xe10,0x0,0x0, 
0x180c2e20,0xe20,0x0,0x0, 
0x180c2e30,0xe30,0x0,0x0, 
0x180c2e40,0xe40,0x0,0x0, 
0x180c2e50,0xe50,0x0,0x0, 
0x180c2e60,0xe60,0x0,0x0, 
0x180c2e70,0xe70,0x0,0x0, 
0x180c2e80,0xe80,0x0,0x0, 
0x180c2e90,0xe90,0x0,0x0, 
0x180c2ea0,0xea0,0x0,0x0, 
0x180c2eb0,0xeb0,0x0,0x0, 
0x180c2ec0,0xec0,0x0,0x0, 
0x180c2ed0,0xed0,0x0,0x0, 
0x180c2ee0,0xee0,0x0,0x0, 
0x180c2ef0,0xef0,0x0,0x0, 
0x180c2f00,0xf00,0x0,0x0, 
0x180c2f10,0xf10,0x0,0x0, 
0x180c2f20,0xf20,0x0,0x0, 
0x180c2f30,0xf30,0x0,0x0, 
0x180c2f40,0xf40,0x0,0x0, 
0x180c2f50,0xf50,0x0,0x0, 
0x180c2f60,0xf60,0x0,0x0, 
0x180c2f70,0xf70,0x0,0x0, 
0x180c2f80,0xf80,0x0,0x0, 
0x180c2f90,0xf90,0x0,0x0, 
0x180c2fa0,0xfa0,0x0,0x0, 
0x180c2fb0,0xfb0,0x0,0x0, 
0x180c2fc0,0xfc0,0x0,0x0, 
0x180c2fd0,0xfd0,0x0,0x0, 
0x180c2fe0,0xfe0,0x0,0x0, 
0x180c2ff0,0xff0,0x0,0x0, 
